{
  "image": {
    "mean_accuracy": 0.2777777777777778,
    "std_accuracy": 0.16666666666666666,
    "mean_macro_f1": 0.21388888888888888,
    "std_macro_f1": 0.10277777777777777,
    "num_folds": 2,
    "labels": [
      "单纯疱疹病毒性角膜炎-上皮/混合型",
      "其他疱疹病毒性角膜炎",
      "细菌性角膜炎",
      "真菌性角膜炎",
      "正常",
      "非感染性角膜炎"
    ]
  },
  "text": {
    "mean_accuracy": 0.2777777777777778,
    "std_accuracy": 0.05555555555555555,
    "mean_macro_f1": 0.18333333333333335,
    "std_macro_f1": 0.03333333333333334,
    "num_folds": 2,
    "labels": [
      "单纯疱疹病毒性角膜炎-上皮/混合型",
      "其他疱疹病毒性角膜炎",
      "细菌性角膜炎",
      "真菌性角膜炎",
      "正常",
      "非感染性角膜炎"
    ]
  },
  "late": {
    "mean_accuracy": 0.3333333333333333,
    "std_accuracy": 0.1111111111111111,
    "mean_macro_f1": 0.26388888888888884,
    "std_macro_f1": 0.06944444444444445,
    "num_folds": 2,
    "labels": [
      "单纯疱疹病毒性角膜炎-上皮/混合型",
      "其他疱疹病毒性角膜炎",
      "细菌性角膜炎",
      "真菌性角膜炎",
      "正常",
      "非感染性角膜炎"
    ]
  },
  "prior": {
    "mean_accuracy": 0.2777777777777778,
    "std_accuracy": 0.16666666666666666,
    "mean_macro_f1": 0.21388888888888888,
    "std_macro_f1": 0.10277777777777777,
    "num_folds": 2,
    "labels": [
      "单纯疱疹病毒性角膜炎-上皮/混合型",
      "其他疱疹病毒性角膜炎",
      "细菌性角膜炎",
      "真菌性角膜炎",
      "正常",
      "非感染性角膜炎"
    ]
  },
  "config": {
    "manifest": "D:\\研究生\\研究生项目\\小论文2\\shiyan\\outputs\\manifest_6class.csv",
    "num_samples": 18,
    "cv_folds": 2,
    "seed": 42,
    "models": [
      "image",
      "text",
      "late",
      "prior"
    ],
    "image_size": 16,
    "text_max_features": 5000,
    "prior_weight": 0.75,
    "max_samples_per_class": 3
  }
}