model_name,mean_accuracy,std_accuracy,mean_macro_f1,std_macro_f1
image,0.2777777777777778,0.16666666666666666,0.21388888888888888,0.10277777777777777
text,0.2777777777777778,0.05555555555555555,0.18333333333333335,0.03333333333333334
late,0.3333333333333333,0.1111111111111111,0.26388888888888884,0.06944444444444445
prior,0.2777777777777778,0.16666666666666666,0.21388888888888888,0.10277777777777777
