{
  "folds": [
    {
      "accuracy": 0.3333333333333333,
      "macro_f1": 0.21666666666666667,
      "confusion_matrix": [
        [
          0,
          1,
          1,
          0,
          0,
          0
        ],
        [
          0,
          0,
          0,
          0,
          1,
          0
        ],
        [
          0,
          0,
          0,
          2,
          0,
          0
        ],
        [
          0,
          0,
          0,
          1,
          0,
          0
        ],
        [
          0,
          0,
          0,
          0,
          2,
          0
        ],
        [
          0,
          1,
          0,
          0,
          0,
          0
        ]
      ],
      "classification_report": {
        "单纯疱疹病毒性角膜炎-上皮/混合型": {
          "precision": 0.0,
          "recall": 0.0,
          "f1-score": 0.0,
          "support": 2
        },
        "其他疱疹病毒性角膜炎": {
          "precision": 0.0,
          "recall": 0.0,
          "f1-score": 0.0,
          "support": 1
        },
        "细菌性角膜炎": {
          "precision": 0.0,
          "recall": 0.0,
          "f1-score": 0.0,
          "support": 2
        },
        "真菌性角膜炎": {
          "precision": 0.3333333333333333,
          "recall": 1.0,
          "f1-score": 0.5,
          "support": 1
        },
        "正常": {
          "precision": 0.6666666666666666,
          "recall": 1.0,
          "f1-score": 0.8,
          "support": 2
        },
        "非感染性角膜炎": {
          "precision": 0.0,
          "recall": 0.0,
          "f1-score": 0.0,
          "support": 1
        },
        "accuracy": 0.3333333333333333,
        "macro avg": {
          "precision": 0.16666666666666666,
          "recall": 0.3333333333333333,
          "f1-score": 0.21666666666666667,
          "support": 9
        },
        "weighted avg": {
          "precision": 0.18518518518518517,
          "recall": 0.3333333333333333,
          "f1-score": 0.23333333333333334,
          "support": 9
        }
      },
      "fold_id": 1
    },
    {
      "accuracy": 0.2222222222222222,
      "macro_f1": 0.15,
      "confusion_matrix": [
        [
          1,
          0,
          0,
          0,
          0,
          0
        ],
        [
          1,
          0,
          0,
          0,
          1,
          0
        ],
        [
          1,
          0,
          0,
          0,
          0,
          0
        ],
        [
          0,
          0,
          2,
          0,
          0,
          0
        ],
        [
          0,
          0,
          0,
          0,
          1,
          0
        ],
        [
          1,
          0,
          0,
          0,
          1,
          0
        ]
      ],
      "classification_report": {
        "单纯疱疹病毒性角膜炎-上皮/混合型": {
          "precision": 0.25,
          "recall": 1.0,
          "f1-score": 0.4,
          "support": 1
        },
        "其他疱疹病毒性角膜炎": {
          "precision": 0.0,
          "recall": 0.0,
          "f1-score": 0.0,
          "support": 2
        },
        "细菌性角膜炎": {
          "precision": 0.0,
          "recall": 0.0,
          "f1-score": 0.0,
          "support": 1
        },
        "真菌性角膜炎": {
          "precision": 0.0,
          "recall": 0.0,
          "f1-score": 0.0,
          "support": 2
        },
        "正常": {
          "precision": 0.3333333333333333,
          "recall": 1.0,
          "f1-score": 0.5,
          "support": 1
        },
        "非感染性角膜炎": {
          "precision": 0.0,
          "recall": 0.0,
          "f1-score": 0.0,
          "support": 2
        },
        "accuracy": 0.2222222222222222,
        "macro avg": {
          "precision": 0.09722222222222221,
          "recall": 0.3333333333333333,
          "f1-score": 0.15,
          "support": 9
        },
        "weighted avg": {
          "precision": 0.06481481481481481,
          "recall": 0.2222222222222222,
          "f1-score": 0.1,
          "support": 9
        }
      },
      "fold_id": 2
    }
  ]
}