{
  "folds": [
    {
      "accuracy": 0.3333333333333333,
      "macro_f1": 0.20000000000000004,
      "confusion_matrix": [
        [
          0,
          1,
          0,
          1,
          0,
          0
        ],
        [
          0,
          0,
          0,
          0,
          1,
          0
        ],
        [
          0,
          0,
          0,
          2,
          0,
          0
        ],
        [
          0,
          0,
          0,
          1,
          0,
          0
        ],
        [
          0,
          0,
          0,
          0,
          2,
          0
        ],
        [
          0,
          1,
          0,
          0,
          0,
          0
        ]
      ],
      "classification_report": {
        "单纯疱疹病毒性角膜炎-上皮/混合型": {
          "precision": 0.0,
          "recall": 0.0,
          "f1-score": 0.0,
          "support": 2
        },
        "其他疱疹病毒性角膜炎": {
          "precision": 0.0,
          "recall": 0.0,
          "f1-score": 0.0,
          "support": 1
        },
        "细菌性角膜炎": {
          "precision": 0.0,
          "recall": 0.0,
          "f1-score": 0.0,
          "support": 2
        },
        "真菌性角膜炎": {
          "precision": 0.25,
          "recall": 1.0,
          "f1-score": 0.4,
          "support": 1
        },
        "正常": {
          "precision": 0.6666666666666666,
          "recall": 1.0,
          "f1-score": 0.8,
          "support": 2
        },
        "非感染性角膜炎": {
          "precision": 0.0,
          "recall": 0.0,
          "f1-score": 0.0,
          "support": 1
        },
        "accuracy": 0.3333333333333333,
        "macro avg": {
          "precision": 0.15277777777777776,
          "recall": 0.3333333333333333,
          "f1-score": 0.20000000000000004,
          "support": 9
        },
        "weighted avg": {
          "precision": 0.17592592592592593,
          "recall": 0.3333333333333333,
          "f1-score": 0.2222222222222222,
          "support": 9
        }
      },
      "fold_id": 1
    },
    {
      "accuracy": 0.3333333333333333,
      "macro_f1": 0.2611111111111111,
      "confusion_matrix": [
        [
          1,
          0,
          0,
          0,
          0,
          0
        ],
        [
          1,
          0,
          0,
          0,
          1,
          0
        ],
        [
          1,
          0,
          0,
          0,
          0,
          0
        ],
        [
          0,
          0,
          1,
          1,
          0,
          0
        ],
        [
          0,
          0,
          0,
          0,
          1,
          0
        ],
        [
          1,
          0,
          0,
          0,
          1,
          0
        ]
      ],
      "classification_report": {
        "单纯疱疹病毒性角膜炎-上皮/混合型": {
          "precision": 0.25,
          "recall": 1.0,
          "f1-score": 0.4,
          "support": 1
        },
        "其他疱疹病毒性角膜炎": {
          "precision": 0.0,
          "recall": 0.0,
          "f1-score": 0.0,
          "support": 2
        },
        "细菌性角膜炎": {
          "precision": 0.0,
          "recall": 0.0,
          "f1-score": 0.0,
          "support": 1
        },
        "真菌性角膜炎": {
          "precision": 1.0,
          "recall": 0.5,
          "f1-score": 0.6666666666666666,
          "support": 2
        },
        "正常": {
          "precision": 0.3333333333333333,
          "recall": 1.0,
          "f1-score": 0.5,
          "support": 1
        },
        "非感染性角膜炎": {
          "precision": 0.0,
          "recall": 0.0,
          "f1-score": 0.0,
          "support": 2
        },
        "accuracy": 0.3333333333333333,
        "macro avg": {
          "precision": 0.2638888888888889,
          "recall": 0.4166666666666667,
          "f1-score": 0.2611111111111111,
          "support": 9
        },
        "weighted avg": {
          "precision": 0.28703703703703703,
          "recall": 0.3333333333333333,
          "f1-score": 0.24814814814814815,
          "support": 9
        }
      },
      "fold_id": 2
    }
  ]
}